"TimeCreated","Id","RecordId","Message"
"24/09/2026 19:40:54","4625","125282","An account failed to log on.

Subject:
	Security ID:		S-1-0-0
	Account Name:		-
	Account Domain:		-
	Logon ID:		0x0

Logon Type:			3

Account For Which Logon Failed:
	Security ID:		S-1-0-0
	Account Name:		soclab
	Account Domain:		LAB

Failure Information:
	Failure Reason:		Unknown user name or bad password.
	Status:			0xC000006D
	Sub Status:		0xC000006A

Process Information:
	Caller Process ID:	0x0
	Caller Process Name:	-

Network Information:
	Workstation Name:	KALI
	Source Network Address:	192.168.100.137
	Source Port:		48230

Detailed Authentication Information:
	Logon Process:		NtLmSsp 
	Authentication Package:	NTLM
	Transited Services:	-
	Package Name (NTLM only):	-
	Key Length:		0

This event is generated when a logon request fails. It is generated on the computer where access was attempted.

The Subject fields indicate the account on the local system which requested the logon. This is most commonly a service such as the Server service, or a local process such as Winlogon.exe or Services.exe.

The Logon Type field indicates the kind of logon that was requested. The most common types are 2 (interactive) and 3 (network).

The Process Information fields indicate which account and process on the system requested the logon.

The Network Information fields indicate where a remote logon request originated. Workstation name is not always available and may be left blank in some cases.

The authentication information fields provide detailed information about this specific logon request.
	- Transited services indicate which intermediate services have participated in this logon request.
	- Package name indicates which sub-protocol was used among the NTLM protocols.
	- Key length indicates the length of the generated session key. This will be 0 if no session key was requested."
"24/09/2026 19:40:52","4625","125281","An account failed to log on.

Subject:
	Security ID:		S-1-0-0
	Account Name:		-
	Account Domain:		-
	Logon ID:		0x0

Logon Type:			3

Account For Which Logon Failed:
	Security ID:		S-1-0-0
	Account Name:		soclab
	Account Domain:		LAB

Failure Information:
	Failure Reason:		Unknown user name or bad password.
	Status:			0xC000006D
	Sub Status:		0xC000006A

Process Information:
	Caller Process ID:	0x0
	Caller Process Name:	-

Network Information:
	Workstation Name:	KALI
	Source Network Address:	192.168.100.137
	Source Port:		48228

Detailed Authentication Information:
	Logon Process:		NtLmSsp 
	Authentication Package:	NTLM
	Transited Services:	-
	Package Name (NTLM only):	-
	Key Length:		0

This event is generated when a logon request fails. It is generated on the computer where access was attempted.

The Subject fields indicate the account on the local system which requested the logon. This is most commonly a service such as the Server service, or a local process such as Winlogon.exe or Services.exe.

The Logon Type field indicates the kind of logon that was requested. The most common types are 2 (interactive) and 3 (network).

The Process Information fields indicate which account and process on the system requested the logon.

The Network Information fields indicate where a remote logon request originated. Workstation name is not always available and may be left blank in some cases.

The authentication information fields provide detailed information about this specific logon request.
	- Transited services indicate which intermediate services have participated in this logon request.
	- Package name indicates which sub-protocol was used among the NTLM protocols.
	- Key length indicates the length of the generated session key. This will be 0 if no session key was requested."
"24/09/2026 19:40:49","4625","125280","An account failed to log on.

Subject:
	Security ID:		S-1-0-0
	Account Name:		-
	Account Domain:		-
	Logon ID:		0x0

Logon Type:			3

Account For Which Logon Failed:
	Security ID:		S-1-0-0
	Account Name:		soclab
	Account Domain:		LAB

Failure Information:
	Failure Reason:		Unknown user name or bad password.
	Status:			0xC000006D
	Sub Status:		0xC000006A

Process Information:
	Caller Process ID:	0x0
	Caller Process Name:	-

Network Information:
	Workstation Name:	KALI
	Source Network Address:	192.168.100.137
	Source Port:		48218

Detailed Authentication Information:
	Logon Process:		NtLmSsp 
	Authentication Package:	NTLM
	Transited Services:	-
	Package Name (NTLM only):	-
	Key Length:		0

This event is generated when a logon request fails. It is generated on the computer where access was attempted.

The Subject fields indicate the account on the local system which requested the logon. This is most commonly a service such as the Server service, or a local process such as Winlogon.exe or Services.exe.

The Logon Type field indicates the kind of logon that was requested. The most common types are 2 (interactive) and 3 (network).

The Process Information fields indicate which account and process on the system requested the logon.

The Network Information fields indicate where a remote logon request originated. Workstation name is not always available and may be left blank in some cases.

The authentication information fields provide detailed information about this specific logon request.
	- Transited services indicate which intermediate services have participated in this logon request.
	- Package name indicates which sub-protocol was used among the NTLM protocols.
	- Key length indicates the length of the generated session key. This will be 0 if no session key was requested."
"24/09/2026 19:40:47","4625","125279","An account failed to log on.

Subject:
	Security ID:		S-1-0-0
	Account Name:		-
	Account Domain:		-
	Logon ID:		0x0

Logon Type:			3

Account For Which Logon Failed:
	Security ID:		S-1-0-0
	Account Name:		soclab
	Account Domain:		LAB

Failure Information:
	Failure Reason:		Unknown user name or bad password.
	Status:			0xC000006D
	Sub Status:		0xC000006A

Process Information:
	Caller Process ID:	0x0
	Caller Process Name:	-

Network Information:
	Workstation Name:	KALI
	Source Network Address:	192.168.100.137
	Source Port:		48208

Detailed Authentication Information:
	Logon Process:		NtLmSsp 
	Authentication Package:	NTLM
	Transited Services:	-
	Package Name (NTLM only):	-
	Key Length:		0

This event is generated when a logon request fails. It is generated on the computer where access was attempted.

The Subject fields indicate the account on the local system which requested the logon. This is most commonly a service such as the Server service, or a local process such as Winlogon.exe or Services.exe.

The Logon Type field indicates the kind of logon that was requested. The most common types are 2 (interactive) and 3 (network).

The Process Information fields indicate which account and process on the system requested the logon.

The Network Information fields indicate where a remote logon request originated. Workstation name is not always available and may be left blank in some cases.

The authentication information fields provide detailed information about this specific logon request.
	- Transited services indicate which intermediate services have participated in this logon request.
	- Package name indicates which sub-protocol was used among the NTLM protocols.
	- Key length indicates the length of the generated session key. This will be 0 if no session key was requested."
"24/09/2026 19:40:45","4625","125278","An account failed to log on.

Subject:
	Security ID:		S-1-0-0
	Account Name:		-
	Account Domain:		-
	Logon ID:		0x0

Logon Type:			3

Account For Which Logon Failed:
	Security ID:		S-1-0-0
	Account Name:		soclab
	Account Domain:		LAB

Failure Information:
	Failure Reason:		Unknown user name or bad password.
	Status:			0xC000006D
	Sub Status:		0xC000006A

Process Information:
	Caller Process ID:	0x0
	Caller Process Name:	-

Network Information:
	Workstation Name:	KALI
	Source Network Address:	192.168.100.137
	Source Port:		48202

Detailed Authentication Information:
	Logon Process:		NtLmSsp 
	Authentication Package:	NTLM
	Transited Services:	-
	Package Name (NTLM only):	-
	Key Length:		0

This event is generated when a logon request fails. It is generated on the computer where access was attempted.

The Subject fields indicate the account on the local system which requested the logon. This is most commonly a service such as the Server service, or a local process such as Winlogon.exe or Services.exe.

The Logon Type field indicates the kind of logon that was requested. The most common types are 2 (interactive) and 3 (network).

The Process Information fields indicate which account and process on the system requested the logon.

The Network Information fields indicate where a remote logon request originated. Workstation name is not always available and may be left blank in some cases.

The authentication information fields provide detailed information about this specific logon request.
	- Transited services indicate which intermediate services have participated in this logon request.
	- Package name indicates which sub-protocol was used among the NTLM protocols.
	- Key length indicates the length of the generated session key. This will be 0 if no session key was requested."
"24/09/2026 19:39:24","4625","125277","An account failed to log on.

Subject:
	Security ID:		S-1-0-0
	Account Name:		-
	Account Domain:		-
	Logon ID:		0x0

Logon Type:			3

Account For Which Logon Failed:
	Security ID:		S-1-0-0
	Account Name:		soclab
	Account Domain:		LAB

Failure Information:
	Failure Reason:		Unknown user name or bad password.
	Status:			0xC000006D
	Sub Status:		0xC000006A

Process Information:
	Caller Process ID:	0x0
	Caller Process Name:	-

Network Information:
	Workstation Name:	KALI
	Source Network Address:	192.168.100.137
	Source Port:		57854

Detailed Authentication Information:
	Logon Process:		NtLmSsp 
	Authentication Package:	NTLM
	Transited Services:	-
	Package Name (NTLM only):	-
	Key Length:		0

This event is generated when a logon request fails. It is generated on the computer where access was attempted.

The Subject fields indicate the account on the local system which requested the logon. This is most commonly a service such as the Server service, or a local process such as Winlogon.exe or Services.exe.

The Logon Type field indicates the kind of logon that was requested. The most common types are 2 (interactive) and 3 (network).

The Process Information fields indicate which account and process on the system requested the logon.

The Network Information fields indicate where a remote logon request originated. Workstation name is not always available and may be left blank in some cases.

The authentication information fields provide detailed information about this specific logon request.
	- Transited services indicate which intermediate services have participated in this logon request.
	- Package name indicates which sub-protocol was used among the NTLM protocols.
	- Key length indicates the length of the generated session key. This will be 0 if no session key was requested."
